{
  "title": "shoes1",
  "tree": [
    {
      "name": "Left_Leg_Top",
      "position": [ 2, 7.5, 1 ],
      "offsetFromPivot": [ 0, 0, 0 ],
      "size": [ 4, 5, 4 ],
      "rotation": [ 0, 0, 0 ],
      "vertexCoords": [
        [ 0, 0, 0 ],
        [ 0, 0, 0 ],
        [ 0, 0, 0 ],
        [ 0, 0, 0 ],
        [ 0, 0, 0 ],
        [ 0, 0, 0 ],
        [ 0, 0, 0 ],
        [ 0, 0, 0 ]
      ],
      "texOffset": [ 16, 23 ],
      "children": [
        {
          "name": "Left_Leg_Bottom",
          "position": [ 0, -3, 0 ],
          "offsetFromPivot": [ 0, -1, 0 ],
          "size": [ 4, 3, 3 ],
          "rotation": [ 0, 0, 0 ],
          "vertexCoords": [
            [ 0, 0, 0 ],
            [ 0, 0, 0 ],
            [ 0, 0, 0 ],
            [ 0, 0, 0 ],
            [ 0, 0, 0 ],
            [ 0, 0, 0 ],
            [ 0, 0, 0 ],
            [ 0, 0, 0 ]
          ],
          "texOffset": [ 18, 26 ],
          "children": [
            {
              "name": "Left_Foot",
              "position": [ 0, -2.5, -0.5 ],
              "offsetFromPivot": [ 0, 0, 1 ],
              "size": [ 4, 3, 6 ],
              "rotation": [ 0, 0, 0 ],
              "vertexCoords": [
                [ -2.2, 1.8, -3.3 ],
                [ 2.2, 1.8, -3.3 ],
                [ 2.2, -1.8, -3.3 ],
                [ -2.2, -1.8, -3.3 ],
                [ 2.2, 1.8, 3.3 ],
                [ -2.2, 1.8, 3.3 ],
                [ -2.2, -1.8, 3.3 ],
                [ 2.2, -1.8, 3.3 ]
              ],
              "texOffset": [ 0, 10 ],
              "children": []
            }
          ]
        }
      ]
    },
    {
      "name": "Right_Leg_Top",
      "position": [ -2, 7.5, 1 ],
      "offsetFromPivot": [ 0, 0, 0 ],
      "size": [ 4, 5, 4 ],
      "rotation": [ 0, 0, 0 ],
      "vertexCoords": [
        [ 0, 0, 0 ],
        [ 0, 0, 0 ],
        [ 0, 0, 0 ],
        [ 0, 0, 0 ],
        [ 0, 0, 0 ],
        [ 0, 0, 0 ],
        [ 0, 0, 0 ],
        [ 0, 0, 0 ]
      ],
      "texOffset": [ 16, 23 ],
      "children": [
        {
          "name": "Right_Leg_Bottom",
          "position": [ 0, -3, 0 ],
          "offsetFromPivot": [ 0, -1, 0 ],
          "size": [ 4, 3, 3 ],
          "rotation": [ 0, 0, 0 ],
          "vertexCoords": [
            [ 0, 0, 0 ],
            [ 0, 0, 0 ],
            [ 0, 0, 0 ],
            [ 0, 0, 0 ],
            [ 0, 0, 0 ],
            [ 0, 0, 0 ],
            [ 0, 0, 0 ],
            [ 0, 0, 0 ]
          ],
          "texOffset": [ 18, 26 ],
          "children": [
            {
              "name": "Right_Foot",
              "position": [ 0, -2.5, -0.5 ],
              "offsetFromPivot": [ 0, 0, 1 ],
              "size": [ 4, 3, 6 ],
              "rotation": [ 0, 0, 0 ],
              "vertexCoords": [
                [ -2.2, 1.8, -3.3 ],
                [ 2.2, 1.8, -3.3 ],
                [ 2.2, -1.8, -3.3 ],
                [ -2.2, -1.8, -3.3 ],
                [ 2.2, 1.8, 3.3 ],
                [ -2.2, 1.8, 3.3 ],
                [ -2.2, -1.8, 3.3 ],
                [ 2.2, -1.8, 3.3 ]
              ],
              "texOffset": [ 0, 0 ],
              "children": []
            }
          ]
        }
      ]
    }
  ]
}