{
  "title": "pants1",
  "tree": [
    {
      "name": "Body_Lower",
      "position": [ 0, 12, 1 ],
      "offsetFromPivot": [ 0, 0, 0 ],
      "size": [ 8, 4, 5 ],
      "rotation": [ 0, 0, 0 ],
      "vertexCoords": [
        [ -4.6, 2.3, -2.875 ],
        [ 4.6, 2.3, -2.875 ],
        [ 4.6, -2.3, -2.875 ],
        [ -4.6, -2.3, -2.875 ],
        [ 4.6, 2.3, 2.875 ],
        [ -4.6, 2.3, 2.875 ],
        [ -4.6, -2.3, 2.875 ],
        [ 4.6, -2.3, 2.875 ]
      ],
      "texOffset": [ 38, 8 ],
      "children": []
    },
    {
      "name": "Left_Leg_Top",
      "position": [ 2, 7.5, 1 ],
      "offsetFromPivot": [ 0, 0, 0 ],
      "size": [ 4, 5, 4 ],
      "rotation": [ 0, 0, 0 ],
      "vertexCoords": [
        [ -2.3, 2.875, -2.5 ],
        [ 2.3, 2.875, -2.5 ],
        [ 2.3, -2.875, -2.5 ],
        [ -2.3, -2.875, -2.5 ],
        [ 2.3, 2.875, 2.5 ],
        [ -2.3, 2.875, 2.5 ],
        [ -2.3, -2.875, 2.5 ],
        [ 2.3, -2.875, 2.5 ]
      ],
      "texOffset": [ 21, 0 ],
      "children": [
        {
          "name": "Left_Leg_Bottom",
          "position": [ 0, -3, 0 ],
          "offsetFromPivot": [ 0, -1, 0 ],
          "size": [ 4, 3, 4 ],
          "rotation": [ 0, 0, 0 ],
          "vertexCoords": [
            [ -2.2, 1.65, -2.4 ],
            [ 2.2, 1.65, -2.4 ],
            [ 2.2, -1.65, -2.4 ],
            [ -2.2, -1.65, -2.4 ],
            [ 2.2, 1.65, 2.4 ],
            [ -2.2, 1.65, 2.4 ],
            [ -2.2, -1.65, 2.4 ],
            [ 2.2, -1.65, 2.4 ]
          ],
          "texOffset": [ 21, 10 ],
          "children": [
            {
              "name": "Left_Foot",
              "position": [ 0, -2, -0.5 ],
              "offsetFromPivot": [ 0, 0, 1 ],
              "size": [ 4, 2, 6 ],
              "rotation": [ 0, 0, 0 ],
              "vertexCoords": [
                [ -2.4, 1.2, -3.6 ],
                [ 2.4, 1.2, -3.6 ],
                [ 2.4, -1.2, -3.6 ],
                [ -2.4, -1.2, -3.6 ],
                [ 2.4, 1.2, 3.6 ],
                [ -2.4, 1.2, 3.6 ],
                [ -2.4, -1.2, 3.6 ],
                [ 2.4, -1.2, 3.6 ]
              ],
              "texOffset": [ 20, 18 ],
              "children": []
            }
          ]
        }
      ]
    },
    {
      "name": "Right_Leg_Top",
      "position": [ -2, 7.5, 1 ],
      "offsetFromPivot": [ 0, 0, 0 ],
      "size": [ 4, 5, 4 ],
      "rotation": [ 0, 0, 0 ],
      "vertexCoords": [
        [ -2.3, 2.875, -2.3 ],
        [ 2.3, 2.875, -2.3 ],
        [ 2.3, -2.875, -2.3 ],
        [ -2.3, -2.875, -2.3 ],
        [ 2.3, 2.875, 2.3 ],
        [ -2.3, 2.875, 2.3 ],
        [ -2.3, -2.875, 2.3 ],
        [ 2.3, -2.875, 2.3 ]
      ],
      "texOffset": [ 0, 0 ],
      "children": [
        {
          "name": "Right_Leg_Bottom",
          "position": [ 0, -3, 0 ],
          "offsetFromPivot": [ 0, -1, 0 ],
          "size": [ 4, 3, 4 ],
          "rotation": [ 0, 0, 0 ],
          "vertexCoords": [
            [ -2.2, 1.65, -2.2 ],
            [ 2.2, 1.65, -2.2 ],
            [ 2.2, -1.65, -2.2 ],
            [ -2.2, -1.65, -2.2 ],
            [ 2.2, 1.65, 2.2 ],
            [ -2.2, 1.65, 2.2 ],
            [ -2.2, -1.65, 2.2 ],
            [ 2.2, -1.65, 2.2 ]
          ],
          "texOffset": [ 0, 10 ],
          "children": [
            {
              "name": "Right_Foot",
              "position": [ 0, -2, -0.5 ],
              "offsetFromPivot": [ 0, 0, 1 ],
              "size": [ 4, 2, 6 ],
              "rotation": [ 0, 0, 0 ],
              "vertexCoords": [
                [ -2.4, 1.2, -3.6 ],
                [ 2.4, 1.2, -3.6 ],
                [ 2.4, -1.2, -3.6 ],
                [ -2.4, -1.2, -3.6 ],
                [ 2.4, 1.2, 3.6 ],
                [ -2.4, 1.2, 3.6 ],
                [ -2.4, -1.2, 3.6 ],
                [ 2.4, -1.2, 3.6 ]
              ],
              "texOffset": [ 0, 18 ],
              "children": []
            }
          ]
        }
      ]
    }
  ]
}