{
  "title": "eyes",
  "tree": [
    {
      "name": "Body_Lower",
      "position": [ 0, 12, 1 ],
      "offsetFromPivot": [ 0, 0, 0 ],
      "size": [ 8, 4, 4 ],
      "rotation": [ 0, 0, 0 ],
      "vertexCoords": [
        [ 0, 0, 0 ],
        [ 0, 0, 0 ],
        [ 0, 0, 0 ],
        [ 0, 0, 0 ],
        [ 0, 0, 0 ],
        [ 0, 0, 0 ],
        [ 0, 0, 0 ],
        [ 0, 0, 0 ]
      ],
      "texOffset": [ 2, 45 ],
      "children": [
        {
          "name": "Body_Upper",
          "position": [ 0, 2, -1 ],
          "offsetFromPivot": [ 0, 3, 1 ],
          "size": [ 8, 6, 4 ],
          "rotation": [ 0, 0, 0 ],
          "vertexCoords": [
            [ 0, 0, 0 ],
            [ 0, 0, 0 ],
            [ 0, 0, 0 ],
            [ 0, 0, 0 ],
            [ 0, 0, 0 ],
            [ 0, 0, 0 ],
            [ 0, 0, 0 ],
            [ 0, 0, 0 ]
          ],
          "texOffset": [ 1, 31 ],
          "children": [
            {
              "name": "Neck",
              "position": [ 0, 3.5, 0 ],
              "offsetFromPivot": [ 0, 0, 0 ],
              "size": [ 6, 1, 5 ],
              "rotation": [ 0, 0, 0 ],
              "vertexCoords": [
                [ 0, 0, 0 ],
                [ 0, 0, 0 ],
                [ 0, 0, 0 ],
                [ 0, 0, 0 ],
                [ 0, 0, 0 ],
                [ 0, 0, 0 ],
                [ 0, 0, 0 ],
                [ 0, 0, 0 ]
              ],
              "texOffset": [ 29, 34 ],
              "children": [
                {
                  "name": "Head",
                  "position": [ 0, 5, 0 ],
                  "offsetFromPivot": [ 0, 0, 0 ],
                  "size": [ 10, 10, 10 ],
                  "rotation": [ 0, 0, 0 ],
                  "vertexCoords": [
                    [ -5.05, 5.05, -5.05 ],
                    [ 5.05, 5.05, -5.05 ],
                    [ 5.05, -5.05, -5.05 ],
                    [ -5.05, -5.05, -5.05 ],
                    [ 5.05, 5.05, 5.05 ],
                    [ -5.05, 5.05, 5.05 ],
                    [ -5.05, -5.05, 5.05 ],
                    [ 5.05, -5.05, 5.05 ]
                  ],
                  "texOffset": [ 0, 0 ],
                  "children": []
                }
              ]
            }
          ]
        }
      ]
    }
  ]
}