{
  "title": "PlayerModel",
  "tree": [
    {
      "name": "Body_Lower",
      "position": [ 0, 12, 1 ],
      "offsetFromPivot": [ 0, 0, 0 ],
      "size": [ 8, 4, 4 ],
      "rotation": [ 0, 0, 0 ],
      "texOffset": [ 2, 45 ],
      "children": [
        {
          "name": "Body_Upper",
          "position": [ 0, 2, -1 ],
          "offsetFromPivot": [ 0, 3, 1 ],
          "size": [ 8, 6, 4 ],
          "rotation": [ 0, 0, 0 ],
          "texOffset": [ 1, 31 ],
          "children": [
            {
              "name": "Neck",
              "position": [ 0, 3.5, 0 ],
              "offsetFromPivot": [ 0, 0, 0 ],
              "size": [ 6, 1, 5 ],
              "rotation": [ 0, 0, 0 ],
              "texOffset": [ 15, 22 ],
              "children": [
                {
                  "name": "Head",
                  "position": [ 0, 5, 0 ],
                  "offsetFromPivot": [ 0, 0, 0 ],
                  "size": [ 10, 10, 10 ],
                  "rotation": [ 0, 0, 0 ],
                  "texOffset": [ 0, 0 ],
                  "children": [
                    {
                      "name": "Nose",
                      "position": [ 0, -1, 5 ],
                      "offsetFromPivot": [ 0, 0, 0 ],
                      "size": [ 2, 1, 1 ],
                      "rotation": [ 0, 0, 0 ],
                      "texOffset": [ 0, 21 ],
                      "children": []
                    },
                    {
                      "name": "Ear",
                      "position": [ 5, 0.5, 0 ],
                      "offsetFromPivot": [ 0, 0, 0 ],
                      "size": [ 1, 3, 2 ],
                      "rotation": [ 0, -21.16452, 0 ],
                      "texOffset": [ 7, 21 ],
                      "children": []
                    },
                    {
                      "name": "Ear2",
                      "position": [ -5, 0.5, 0 ],
                      "offsetFromPivot": [ 0, 0, 0 ],
                      "size": [ 1, 3, 2 ],
                      "rotation": [ 0, 21.16452, 0 ],
                      "texOffset": [ 7, 21 ],
                      "children": []
                    }
                  ]
                }
              ]
            },
            {
              "name": "Left_Arm_Top",
              "position": [ 5, 1.907349E-06, 0 ],
              "offsetFromPivot": [ 0, 0, 0 ],
              "size": [ 3, 6, 3 ],
              "rotation": [ -1.683E-08, 0.5600001, 16.27 ],
              "vertexCoords": [
                [ -1.35, 2.7, -1.35 ],
                [ 1.35, 2.7, -1.35 ],
                [ 1.35, -2.7, -1.35 ],
                [ -1.35, -2.7, -1.35 ],
                [ 1.35, 2.7, 1.35 ],
                [ -1.35, 2.7, 1.35 ],
                [ -1.35, -2.7, 1.35 ],
                [ 1.35, -2.7, 1.35 ]
              ],
              "texOffset": [ 47, 32 ],
              "children": [
                {
                  "name": "Left_Arm_Bottom",
                  "position": [ 0.5630076, -4.035215, -0.01244692 ],
                  "offsetFromPivot": [ -1, -1, 0 ],
                  "size": [ 3, 5, 3 ],
                  "rotation": [ 1.391579, 1.878293, -15.38028 ],
                  "vertexCoords": [
                    [ -1.183879, 2.5, -1.5 ],
                    [ 1.183879, 2.5, -1.5 ],
                    [ 1.183879, -2.5, -1.5 ],
                    [ -1.183879, -2.5, -1.5 ],
                    [ 1.183879, 2.5, 1.5 ],
                    [ -1.183879, 2.5, 1.5 ],
                    [ -1.183879, -2.5, 1.5 ],
                    [ 1.183879, -2.5, 1.5 ]
                  ],
                  "texOffset": [ 47, 47 ],
                  "children": [
                    {
                      "name": "Left_Hand",
                      "position": [ 0.4327576, -3, 0 ],
                      "offsetFromPivot": [ -1, -1, 0 ],
                      "size": [ 3, 3, 4 ],
                      "rotation": [ 0, 0, -15.72245 ],
                      "texOffset": [ 45, 56 ],
                      "children": [
                        {
                          "name": "Left_Thumb",
                          "position": [ -0.9576619, 0.4180285, 2 ],
                          "offsetFromPivot": [ 0, 0, 0 ],
                          "size": [ 2, 1, 1 ],
                          "rotation": [ 0, 0, -89.99999 ],
                          "texOffset": [ 56, 56 ],
                          "children": []
                        }
                      ]
                    }
                  ]
                }
              ]
            },
            {
              "name": "Right_Arm_Top",
              "position": [ -5, 0, 0 ],
              "offsetFromPivot": [ 0, 0, 0 ],
              "size": [ 3, 6, 3 ],
              "rotation": [ 1.655871, -1.04341, -16.27699 ],
              "vertexCoords": [
                [ -1.35, 2.7, -1.35 ],
                [ 1.35, 2.7, -1.35 ],
                [ 1.35, -2.7, -1.35 ],
                [ -1.35, -2.7, -1.35 ],
                [ 1.35, 2.7, 1.35 ],
                [ -1.35, 2.7, 1.35 ],
                [ -1.35, -2.7, 1.35 ],
                [ 1.35, -2.7, 1.35 ]
              ],
              "texOffset": [ 30, 32 ],
              "children": [
                {
                  "name": "Right_Arm_Bottom",
                  "position": [ -0.5023814, -3.999999, 0.1312553 ],
                  "offsetFromPivot": [ 1, -1, 0 ],
                  "size": [ 3, 5, 3 ],
                  "rotation": [ -0.3084525, -0.2659452, 15.49327 ],
                  "vertexCoords": [
                    [ -1.180906, 2.5, -1.5 ],
                    [ 1.180906, 2.5, -1.5 ],
                    [ 1.180906, -2.5, -1.5 ],
                    [ -1.180906, -2.5, -1.5 ],
                    [ 1.180906, 2.5, 1.5 ],
                    [ -1.180906, 2.5, 1.5 ],
                    [ -1.180906, -2.5, 1.5 ],
                    [ 1.180906, -2.5, 1.5 ]
                  ],
                  "texOffset": [ 30, 47 ],
                  "children": [
                    {
                      "name": "Right_Hand",
                      "position": [ -0.6338782, -2.999999, 5.619985E-08 ],
                      "offsetFromPivot": [ 1, -1, 0 ],
                      "size": [ 3, 3, 4 ],
                      "rotation": [ 3.049615E-07, -9.976067E-08, 15.72245 ],
                      "texOffset": [ 28, 56 ],
                      "children": [
                        {
                          "name": "Right_Thumb",
                          "position": [ 0.9185755, 0.4810317, 2 ],
                          "offsetFromPivot": [ 0, 0, 0 ],
                          "size": [ 2, 1, 1 ],
                          "rotation": [ 0, 0, -89.99999 ],
                          "texOffset": [ 39, 56 ],
                          "children": []
                        }
                      ]
                    }
                  ]
                }
              ]
            }
          ]
        }
      ]
    },
    {
      "name": "Right_Leg_Top",
      "position": [ -2, 7.5, 1 ],
      "offsetFromPivot": [ 0, 0, 0 ],
      "size": [ 4, 5, 3 ],
      "rotation": [ 2.206438E-07, 2.85691E-07, -5.385734E-06 ],
      "vertexCoords": [
        [ -1.8, 2.5, -1.35 ],
        [ 1.8, 2.5, -1.35 ],
        [ 1.8, -2.5, -1.35 ],
        [ -1.8, -2.5, -1.35 ],
        [ 1.8, 2.5, 1.35 ],
        [ -1.8, 2.5, 1.35 ],
        [ -1.8, -2.5, 1.35 ],
        [ 1.8, -2.5, 1.35 ]
      ],
      "texOffset": [ 43, 2 ],
      "children": [
        {
          "name": "Right_Leg_Bottom",
          "position": [ -1.895622E-07, -3, -2.730182E-08 ],
          "offsetFromPivot": [ 0, -1, 0 ],
          "size": [ 4, 3, 3 ],
          "rotation": [ 0, 0, 0 ],
          "vertexCoords": [
            [ -1.8, 1.65, -1.35 ],
            [ 1.8, 1.65, -1.35 ],
            [ 1.8, -1.65, -1.35 ],
            [ -1.8, -1.65, -1.35 ],
            [ 1.8, 1.65, 1.35 ],
            [ -1.8, 1.65, 1.35 ],
            [ -1.8, -1.65, 1.35 ],
            [ 1.8, -1.65, 1.35 ]
          ],
          "texOffset": [ 43, 12 ],
          "children": [
            {
              "name": "Right_Foot",
              "position": [ 0, -2.3, -0.5 ],
              "offsetFromPivot": [ 0, 0, 1 ],
              "size": [ 4, 2, 5 ],
              "rotation": [ 0, 0, 0 ],
              "vertexCoords": [
                [ -1.8, 0.7, -2.125 ],
                [ 1.8, 0.7, -2.125 ],
                [ 1.8, -0.7, -2.125 ],
                [ -1.8, -0.7, -2.125 ],
                [ 1.8, 0.7, 2.125 ],
                [ -1.8, 0.7, 2.125 ],
                [ -1.8, -0.7, 2.125 ],
                [ 1.8, -0.7, 2.125 ]
              ],
              "texOffset": [ 42, 20 ],
              "children": []
            }
          ]
        }
      ]
    },
    {
      "name": "Left_Leg_Top",
      "position": [ 2, 7.5, 1 ],
      "offsetFromPivot": [ 0, 0, 0 ],
      "size": [ 4, 5, 3 ],
      "rotation": [ 0, 0, 0 ],
      "vertexCoords": [
        [ -1.8, 2.5, -1.35 ],
        [ 1.8, 2.5, -1.35 ],
        [ 1.8, -2.5, -1.35 ],
        [ -1.8, -2.5, -1.35 ],
        [ 1.8, 2.5, 1.35 ],
        [ -1.8, 2.5, 1.35 ],
        [ -1.8, -2.5, 1.35 ],
        [ 1.8, -2.5, 1.35 ]
      ],
      "texOffset": [ 64, 2 ],
      "children": [
        {
          "name": "Left_Leg_Bottom",
          "position": [ 0, -3, 0 ],
          "offsetFromPivot": [ 0, -1, 0 ],
          "size": [ 4, 3, 3 ],
          "rotation": [ 0, 0, 0 ],
          "vertexCoords": [
            [ -1.8, 1.65, -1.35 ],
            [ 1.8, 1.65, -1.35 ],
            [ 1.8, -1.65, -1.35 ],
            [ -1.8, -1.65, -1.35 ],
            [ 1.8, 1.65, 1.35 ],
            [ -1.8, 1.65, 1.35 ],
            [ -1.8, -1.65, 1.35 ],
            [ 1.8, -1.65, 1.35 ]
          ],
          "texOffset": [ 64, 12 ],
          "children": [
            {
              "name": "Left_Foot",
              "position": [ 0, -2.3, -0.5 ],
              "offsetFromPivot": [ 0, 0, 1 ],
              "size": [ 4, 2, 5 ],
              "rotation": [ 0, 0, 0 ],
              "vertexCoords": [
                [ -1.8, 0.7, -2.125 ],
                [ 1.8, 0.7, -2.125 ],
                [ 1.8, -0.7, -2.125 ],
                [ -1.8, -0.7, -2.125 ],
                [ 1.8, 0.7, 2.125 ],
                [ -1.8, 0.7, 2.125 ],
                [ -1.8, -0.7, 2.125 ],
                [ 1.8, -0.7, 2.125 ]
              ],
              "texOffset": [ 63, 20 ],
              "children": []
            }
          ]
        }
      ]
    }
  ]
}